[{"model": "admin.logentry", "pk": 1, "fields": {"action_time": "2024-07-18T20:10:06.920Z", "user": 1, "content_type": 7, "object_id": "1", "object_repr": "Stress", "action_flag": 1, "change_message": "[{\"added\": {}}]"}}, {"model": "admin.logentry", "pk": 2, "fields": {"action_time": "2024-07-18T20:10:21.008Z", "user": 1, "content_type": 7, "object_id": "2", "object_repr": "Meditation", "action_flag": 1, "change_message": "[{\"added\": {}}]"}}, {"model": "admin.logentry", "pk": 3, "fields": {"action_time": "2024-07-18T20:12:25.781Z", "user": 1, "content_type": 8, "object_id": "1", "object_repr": "Post object (1)", "action_flag": 1, "change_message": "[{\"added\": {}}]"}}, {"model": "admin.logentry", "pk": 4, "fields": {"action_time": "2024-07-22T08:04:45.156Z", "user": 1, "content_type": 7, "object_id": "3", "object_repr": "Self esteem", "action_flag": 1, "change_message": "[{\"added\": {}}]"}}, {"model": "admin.logentry", "pk": 5, "fields": {"action_time": "2024-07-22T08:06:08.780Z", "user": 1, "content_type": 12, "object_id": "1", "object_repr": "Higher your Self esteem", "action_flag": 1, "change_message": "[{\"added\": {}}]"}}, {"model": "admin.logentry", "pk": 6, "fields": {"action_time": "2024-07-22T08:08:34.506Z", "user": 1, "content_type": 10, "object_id": "1", "object_repr": "Self esteem", "action_flag": 1, "change_message": "[{\"added\": {}}]"}}, {"model": "admin.logentry", "pk": 7, "fields": {"action_time": "2024-07-23T18:26:21.678Z", "user": 1, "content_type": 8, "object_id": "1", "object_repr": "Post object (1)", "action_flag": 2, "change_message": "[{\"changed\": {\"fields\": [\"Title\", \"Content\", \"Categories\", \"Slug\", \"Excerpt\"]}}]"}}, {"model": "admin.logentry", "pk": 8, "fields": {"action_time": "2024-07-23T18:36:55.398Z", "user": 1, "content_type": 8, "object_id": "2", "object_repr": "Post object (2)", "action_flag": 1, "change_message": "[{\"added\": {}}]"}}, {"model": "admin.logentry", "pk": 9, "fields": {"action_time": "2024-07-23T18:41:21.551Z", "user": 1, "content_type": 8, "object_id": "1", "object_repr": "Post object (1)", "action_flag": 2, "change_message": "[{\"changed\": {\"fields\": [\"Status\"]}}]"}}, {"model": "admin.logentry", "pk": 10, "fields": {"action_time": "2024-07-24T07:39:45.066Z", "user": 1, "content_type": 7, "object_id": "4", "object_repr": "Happieness", "action_flag": 1, "change_message": "[{\"added\": {}}]"}}, {"model": "admin.logentry", "pk": 11, "fields": {"action_time": "2024-07-24T07:42:21.322Z", "user": 1, "content_type": 8, "object_id": "3", "object_repr": "Post object (3)", "action_flag": 1, "change_message": "[{\"added\": {}}]"}}, {"model": "admin.logentry", "pk": 12, "fields": {"action_time": "2024-07-24T15:34:06.254Z", "user": 1, "content_type": 8, "object_id": "3", "object_repr": "Post object (3)", "action_flag": 2, "change_message": "[{\"changed\": {\"fields\": [\"Status\"]}}]"}}, {"model": "admin.logentry", "pk": 13, "fields": {"action_time": "2024-07-24T15:34:20.667Z", "user": 1, "content_type": 8, "object_id": "2", "object_repr": "Post object (2)", "action_flag": 2, "change_message": "[{\"changed\": {\"fields\": [\"Status\"]}}]"}}, {"model": "admin.logentry", "pk": 14, "fields": {"action_time": "2024-07-24T21:36:47.916Z", "user": 1, "content_type": 9, "object_id": "1", "object_repr": "Comment A tip is to laught 5 times a day.\r\nIt doesnt matter if its fake. You are creating a habit of it anyway by admin", "action_flag": 1, "change_message": "[{\"added\": {}}]"}}, {"model": "admin.logentry", "pk": 15, "fields": {"action_time": "2024-07-24T21:36:48.125Z", "user": 1, "content_type": 9, "object_id": "2", "object_repr": "Comment A tip is to laught 5 times a day.\r\nIt doesnt matter if its fake. You are creating a habit of it anyway by admin", "action_flag": 1, "change_message": "[{\"added\": {}}]"}}, {"model": "admin.logentry", "pk": 16, "fields": {"action_time": "2024-07-24T21:38:03.261Z", "user": 1, "content_type": 10, "object_id": "1", "object_repr": "Self esteem", "action_flag": 3, "change_message": ""}}, {"model": "admin.logentry", "pk": 17, "fields": {"action_time": "2024-07-24T21:39:47.998Z", "user": 1, "content_type": 9, "object_id": "2", "object_repr": "Comment A tip is to laught 5 times a day.\r\nIt doesnt matter if its fake. You are creating a habit of it anyway by admin", "action_flag": 3, "change_message": ""}}, {"model": "admin.logentry", "pk": 18, "fields": {"action_time": "2024-07-24T21:39:57.890Z", "user": 1, "content_type": 9, "object_id": "1", "object_repr": "Comment A tip is to laught 5 times a day.\r\nIt doesnt matter if its fake. You are creating a habit of it anyway by admin", "action_flag": 2, "change_message": "[]"}}, {"model": "admin.logentry", "pk": 19, "fields": {"action_time": "2024-07-24T21:40:07.623Z", "user": 1, "content_type": 9, "object_id": "1", "object_repr": "Comment A tip is to laugh 5 times a day.\r\nIt doesnt matter if its fake. You are creating a habit of it anyway by admin", "action_flag": 2, "change_message": "[{\"changed\": {\"fields\": [\"Body\"]}}]"}}, {"model": "admin.logentry", "pk": 20, "fields": {"action_time": "2024-07-25T07:52:20.616Z", "user": 1, "content_type": 8, "object_id": "3", "object_repr": "Post object (3)", "action_flag": 2, "change_message": "[]"}}, {"model": "admin.logentry", "pk": 21, "fields": {"action_time": "2024-07-25T15:18:32.590Z", "user": 1, "content_type": 8, "object_id": "4", "object_repr": "Post object (4)", "action_flag": 1, "change_message": "[{\"added\": {}}]"}}, {"model": "admin.logentry", "pk": 22, "fields": {"action_time": "2024-07-25T15:18:54.226Z", "user": 1, "content_type": 9, "object_id": "1", "object_repr": "Comment A tip is to laugh 5 times a day.\r\nIt doesnt matter if its fake. You are creating a habit of it anyway by admin", "action_flag": 2, "change_message": "[]"}}, {"model": "admin.logentry", "pk": 23, "fields": {"action_time": "2024-07-25T15:19:15.584Z", "user": 1, "content_type": 9, "object_id": "3", "object_repr": "Comment I agree by Eddie", "action_flag": 1, "change_message": "[{\"added\": {}}]"}}, {"model": "admin.logentry", "pk": 24, "fields": {"action_time": "2024-07-25T15:20:53.673Z", "user": 1, "content_type": 8, "object_id": "4", "object_repr": "Post object (4)", "action_flag": 3, "change_message": ""}}, {"model": "admin.logentry", "pk": 25, "fields": {"action_time": "2024-07-25T16:40:34.906Z", "user": 1, "content_type": 9, "object_id": "3", "object_repr": "Comment I agree by Eddie", "action_flag": 3, "change_message": ""}}, {"model": "admin.logentry", "pk": 26, "fields": {"action_time": "2024-07-25T21:59:58.785Z", "user": 1, "content_type": 7, "object_id": "5", "object_repr": "Energy", "action_flag": 1, "change_message": "[{\"added\": {}}]"}}, {"model": "admin.logentry", "pk": 27, "fields": {"action_time": "2024-07-25T22:00:10.118Z", "user": 1, "content_type": 8, "object_id": "5", "object_repr": "Post object (5)", "action_flag": 1, "change_message": "[{\"added\": {}}]"}}, {"model": "admin.logentry", "pk": 28, "fields": {"action_time": "2024-07-26T12:40:51.849Z", "user": 1, "content_type": 4, "object_id": "2", "object_repr": "Eddie", "action_flag": 3, "change_message": ""}}, {"model": "admin.logentry", "pk": 29, "fields": {"action_time": "2024-07-26T12:41:31.901Z", "user": 1, "content_type": 4, "object_id": "4", "object_repr": "1", "action_flag": 1, "change_message": "[{\"added\": {}}]"}}, {"model": "admin.logentry", "pk": 30, "fields": {"action_time": "2024-07-26T12:41:45.295Z", "user": 1, "content_type": 4, "object_id": "5", "object_repr": "2", "action_flag": 1, "change_message": "[{\"added\": {}}]"}}, {"model": "admin.logentry", "pk": 31, "fields": {"action_time": "2024-07-26T12:43:32.242Z", "user": 1, "content_type": 4, "object_id": "4", "object_repr": "1", "action_flag": 2, "change_message": "[{\"changed\": {\"fields\": [\"Staff status\"]}}]"}}, {"model": "admin.logentry", "pk": 32, "fields": {"action_time": "2024-07-27T15:59:43.536Z", "user": 1, "content_type": 8, "object_id": "6", "object_repr": "Post object (6)", "action_flag": 1, "change_message": "[{\"added\": {}}]"}}, {"model": "admin.logentry", "pk": 33, "fields": {"action_time": "2024-07-27T16:11:34.036Z", "user": 1, "content_type": 8, "object_id": "6", "object_repr": "Post object (6)", "action_flag": 2, "change_message": "[{\"changed\": {\"fields\": [\"Status\"]}}]"}}, {"model": "admin.logentry", "pk": 34, "fields": {"action_time": "2024-07-27T16:12:18.989Z", "user": 1, "content_type": 8, "object_id": "5", "object_repr": "Post object (5)", "action_flag": 2, "change_message": "[{\"changed\": {\"fields\": [\"Status\"]}}]"}}, {"model": "admin.logentry", "pk": 35, "fields": {"action_time": "2024-07-27T16:12:31.750Z", "user": 1, "content_type": 8, "object_id": "3", "object_repr": "Post object (3)", "action_flag": 2, "change_message": "[{\"changed\": {\"fields\": [\"Status\"]}}]"}}, {"model": "admin.logentry", "pk": 36, "fields": {"action_time": "2024-07-27T16:12:45.017Z", "user": 1, "content_type": 8, "object_id": "2", "object_repr": "Post object (2)", "action_flag": 2, "change_message": "[{\"changed\": {\"fields\": [\"Status\"]}}]"}}, {"model": "admin.logentry", "pk": 37, "fields": {"action_time": "2024-07-27T16:12:57.364Z", "user": 1, "content_type": 8, "object_id": "1", "object_repr": "Post object (1)", "action_flag": 2, "change_message": "[{\"changed\": {\"fields\": [\"Status\"]}}]"}}, {"model": "admin.logentry", "pk": 38, "fields": {"action_time": "2024-07-27T16:13:42.480Z", "user": 1, "content_type": 8, "object_id": "1", "object_repr": "Post object (1)", "action_flag": 2, "change_message": "[{\"changed\": {\"fields\": [\"Status\"]}}]"}}, {"model": "admin.logentry", "pk": 39, "fields": {"action_time": "2024-07-27T16:13:57.375Z", "user": 1, "content_type": 8, "object_id": "5", "object_repr": "Post object (5)", "action_flag": 2, "change_message": "[{\"changed\": {\"fields\": [\"Status\"]}}]"}}, {"model": "admin.logentry", "pk": 40, "fields": {"action_time": "2024-07-27T16:14:12.952Z", "user": 1, "content_type": 8, "object_id": "3", "object_repr": "Post object (3)", "action_flag": 2, "change_message": "[{\"changed\": {\"fields\": [\"Excerpt\"]}}]"}}, {"model": "admin.logentry", "pk": 41, "fields": {"action_time": "2024-07-27T16:14:26.924Z", "user": 1, "content_type": 8, "object_id": "3", "object_repr": "Post object (3)", "action_flag": 2, "change_message": "[{\"changed\": {\"fields\": [\"Status\"]}}]"}}, {"model": "admin.logentry", "pk": 42, "fields": {"action_time": "2024-07-27T16:15:19.659Z", "user": 1, "content_type": 8, "object_id": "6", "object_repr": "Post object (6)", "action_flag": 2, "change_message": "[{\"changed\": {\"fields\": [\"Status\"]}}]"}}, {"model": "admin.logentry", "pk": 43, "fields": {"action_time": "2024-07-27T16:15:30.982Z", "user": 1, "content_type": 8, "object_id": "2", "object_repr": "Post object (2)", "action_flag": 2, "change_message": "[{\"changed\": {\"fields\": [\"Status\"]}}]"}}, {"model": "admin.logentry", "pk": 44, "fields": {"action_time": "2024-07-27T16:59:25.854Z", "user": 1, "content_type": 8, "object_id": "2", "object_repr": "Post object (2)", "action_flag": 2, "change_message": "[{\"changed\": {\"fields\": [\"Slug\"]}}]"}}, {"model": "admin.logentry", "pk": 45, "fields": {"action_time": "2024-07-27T17:49:20.831Z", "user": 1, "content_type": 8, "object_id": "6", "object_repr": "Post object (6)", "action_flag": 3, "change_message": ""}}, {"model": "admin.logentry", "pk": 46, "fields": {"action_time": "2024-07-27T17:49:20.881Z", "user": 1, "content_type": 8, "object_id": "5", "object_repr": "Post object (5)", "action_flag": 3, "change_message": ""}}, {"model": "admin.logentry", "pk": 47, "fields": {"action_time": "2024-07-27T17:49:20.911Z", "user": 1, "content_type": 8, "object_id": "3", "object_repr": "Post object (3)", "action_flag": 3, "change_message": ""}}, {"model": "admin.logentry", "pk": 48, "fields": {"action_time": "2024-07-27T17:49:20.941Z", "user": 1, "content_type": 8, "object_id": "2", "object_repr": "Post object (2)", "action_flag": 3, "change_message": ""}}, {"model": "admin.logentry", "pk": 49, "fields": {"action_time": "2024-07-27T17:49:20.971Z", "user": 1, "content_type": 8, "object_id": "1", "object_repr": "Post object (1)", "action_flag": 3, "change_message": ""}}, {"model": "admin.logentry", "pk": 50, "fields": {"action_time": "2024-07-27T17:52:01.260Z", "user": 1, "content_type": 8, "object_id": "7", "object_repr": "Post object (7)", "action_flag": 1, "change_message": "[{\"added\": {}}]"}}, {"model": "admin.logentry", "pk": 51, "fields": {"action_time": "2024-07-28T03:18:14.750Z", "user": 1, "content_type": 8, "object_id": "8", "object_repr": "Post object (8)", "action_flag": 1, "change_message": "[{\"added\": {}}]"}}, {"model": "admin.logentry", "pk": 52, "fields": {"action_time": "2024-07-28T03:19:09.893Z", "user": 1, "content_type": 8, "object_id": "9", "object_repr": "Post object (9)", "action_flag": 1, "change_message": "[{\"added\": {}}]"}}, {"model": "admin.logentry", "pk": 53, "fields": {"action_time": "2024-07-28T03:23:03.858Z", "user": 1, "content_type": 8, "object_id": "10", "object_repr": "Post object (10)", "action_flag": 1, "change_message": "[{\"added\": {}}]"}}, {"model": "admin.logentry", "pk": 54, "fields": {"action_time": "2024-07-28T03:49:26.728Z", "user": 1, "content_type": 8, "object_id": "8", "object_repr": "Post object (8)", "action_flag": 2, "change_message": "[{\"changed\": {\"fields\": [\"Content\"]}}]"}}, {"model": "admin.logentry", "pk": 55, "fields": {"action_time": "2024-07-28T03:50:06.414Z", "user": 1, "content_type": 8, "object_id": "9", "object_repr": "Post object (9)", "action_flag": 2, "change_message": "[{\"changed\": {\"fields\": [\"Content\"]}}]"}}, {"model": "admin.logentry", "pk": 56, "fields": {"action_time": "2024-07-28T20:11:08.916Z", "user": 1, "content_type": 9, "object_id": "16", "object_repr": "Comment Test by admin", "action_flag": 3, "change_message": ""}}, {"model": "admin.logentry", "pk": 57, "fields": {"action_time": "2024-07-28T20:14:30.055Z", "user": 1, "content_type": 8, "object_id": "8", "object_repr": "Post object (8)", "action_flag": 2, "change_message": "[{\"changed\": {\"fields\": [\"Likes\", \"Anonymous likes\"]}}]"}}, {"model": "admin.logentry", "pk": 58, "fields": {"action_time": "2024-07-30T19:40:46.120Z", "user": 1, "content_type": 9, "object_id": "4", "object_repr": "Comment test by admin", "action_flag": 2, "change_message": "[{\"changed\": {\"fields\": [\"Approved\"]}}]"}}, {"model": "admin.logentry", "pk": 59, "fields": {"action_time": "2024-07-30T19:45:00.334Z", "user": 1, "content_type": 9, "object_id": "4", "object_repr": "Comment test by admin", "action_flag": 2, "change_message": "[]"}}, {"model": "admin.logentry", "pk": 60, "fields": {"action_time": "2024-07-30T19:45:08.714Z", "user": 1, "content_type": 9, "object_id": "5", "object_repr": "Comment test by admin", "action_flag": 2, "change_message": "[{\"changed\": {\"fields\": [\"Approved\"]}}]"}}, {"model": "admin.logentry", "pk": 61, "fields": {"action_time": "2024-07-30T19:45:26.440Z", "user": 1, "content_type": 9, "object_id": "6", "object_repr": "Comment test by admin", "action_flag": 2, "change_message": "[{\"changed\": {\"fields\": [\"Approved\"]}}]"}}, {"model": "admin.logentry", "pk": 62, "fields": {"action_time": "2024-07-30T19:46:07.326Z", "user": 1, "content_type": 9, "object_id": "7", "object_repr": "Comment test by admin", "action_flag": 2, "change_message": "[{\"changed\": {\"fields\": [\"Approved\"]}}]"}}, {"model": "admin.logentry", "pk": 63, "fields": {"action_time": "2024-07-30T19:46:19.188Z", "user": 1, "content_type": 9, "object_id": "25", "object_repr": "Comment testing a new comment by admin", "action_flag": 2, "change_message": "[{\"changed\": {\"fields\": [\"Approved\"]}}]"}}, {"model": "admin.logentry", "pk": 64, "fields": {"action_time": "2024-07-30T19:47:47.487Z", "user": 1, "content_type": 9, "object_id": "26", "object_repr": "Comment approved? by admin", "action_flag": 2, "change_message": "[{\"changed\": {\"fields\": [\"Approved\"]}}]"}}, {"model": "admin.logentry", "pk": 65, "fields": {"action_time": "2024-07-31T17:08:15.965Z", "user": 1, "content_type": 8, "object_id": "10", "object_repr": "Post object (10)", "action_flag": 2, "change_message": "[{\"changed\": {\"fields\": [\"Likes\"]}}]"}}, {"model": "admin.logentry", "pk": 66, "fields": {"action_time": "2024-07-31T19:15:16.699Z", "user": 1, "content_type": 8, "object_id": "10", "object_repr": "Post object (10)", "action_flag": 2, "change_message": "[{\"changed\": {\"fields\": [\"Likes\"]}}]"}}, {"model": "admin.logentry", "pk": 67, "fields": {"action_time": "2024-07-31T20:42:01.407Z", "user": 1, "content_type": 8, "object_id": "10", "object_repr": "Post object (10)", "action_flag": 2, "change_message": "[{\"changed\": {\"fields\": [\"Anonymous likes\"]}}]"}}, {"model": "admin.logentry", "pk": 68, "fields": {"action_time": "2024-08-03T08:53:21.637Z", "user": 1, "content_type": 8, "object_id": "9", "object_repr": "Post object (9)", "action_flag": 2, "change_message": "[]"}}, {"model": "admin.logentry", "pk": 69, "fields": {"action_time": "2024-08-03T09:06:54.101Z", "user": 1, "content_type": 8, "object_id": "9", "object_repr": "Post object (9)", "action_flag": 2, "change_message": "[{\"changed\": {\"fields\": [\"Image\"]}}]"}}, {"model": "admin.logentry", "pk": 70, "fields": {"action_time": "2024-08-04T09:38:32.696Z", "user": 1, "content_type": 8, "object_id": "9", "object_repr": "Post object (9)", "action_flag": 2, "change_message": "[{\"changed\": {\"fields\": [\"Image\", \"Image\"]}}]"}}, {"model": "admin.logentry", "pk": 71, "fields": {"action_time": "2024-08-04T10:17:42.764Z", "user": 1, "content_type": 8, "object_id": "9", "object_repr": "Post object (9)", "action_flag": 2, "change_message": "[{\"changed\": {\"fields\": [\"Image\"]}}]"}}, {"model": "admin.logentry", "pk": 72, "fields": {"action_time": "2024-08-05T14:42:28.808Z", "user": 1, "content_type": 8, "object_id": "11", "object_repr": "Post object (11)", "action_flag": 1, "change_message": "[{\"added\": {}}]"}}, {"model": "admin.logentry", "pk": 73, "fields": {"action_time": "2024-08-05T14:43:51.451Z", "user": 1, "content_type": 8, "object_id": "7", "object_repr": "Post object (7)", "action_flag": 2, "change_message": "[{\"changed\": {\"fields\": [\"Title\"]}}]"}}, {"model": "admin.logentry", "pk": 74, "fields": {"action_time": "2024-08-05T14:44:10.643Z", "user": 1, "content_type": 8, "object_id": "7", "object_repr": "Post object (7)", "action_flag": 3, "change_message": ""}}, {"model": "admin.logentry", "pk": 75, "fields": {"action_time": "2024-08-05T15:09:18.709Z", "user": 1, "content_type": 8, "object_id": "12", "object_repr": "Post object (12)", "action_flag": 1, "change_message": "[{\"added\": {}}]"}}, {"model": "auth.user", "pk": 1, "fields": {"password": "pbkdf2_sha256$260000$gtAJf1kbmbb1303w2mbj33$OKUNuq6bd0tL9ajgvUGcn/vPJ1AnhlDlw3eMkpUs9dg=", "last_login": "2024-08-07T12:14:55.936Z", "is_superuser": true, "username": "admin", "first_name": "", "last_name": "", "email": "christina.ahman@tv4.se", "is_staff": true, "is_active": true, "date_joined": "2024-07-18T20:07:23.241Z", "groups": [], "user_permissions": []}}, {"model": "auth.user", "pk": 3, "fields": {"password": "pbkdf2_sha256$260000$qtDReUB1lIY1ZDPvEHzN6U$upByVPkCW3/xZZMvBGwnpLhlMnY5jDLy6zCQkqH7kwM=", "last_login": "2024-07-26T10:55:54.833Z", "is_superuser": true, "username": "alan", "first_name": "", "last_name": "", "email": "", "is_staff": true, "is_active": true, "date_joined": "2024-07-26T10:55:37.263Z", "groups": [], "user_permissions": []}}, {"model": "auth.user", "pk": 4, "fields": {"password": "pbkdf2_sha256$260000$c1qcM24Nr8R7llGMR95VG8$drT0DUjrnrcpn9cC6HNwa9/UYt6MP8UMLcwsDTc9mR4=", "last_login": "2024-07-31T20:16:21.254Z", "is_superuser": false, "username": "1", "first_name": "", "last_name": "", "email": "", "is_staff": true, "is_active": true, "date_joined": "2024-07-26T12:41:31Z", "groups": [], "user_permissions": []}}, {"model": "auth.user", "pk": 5, "fields": {"password": "pbkdf2_sha256$260000$3Yw2qzRAy87FW9EffCabVk$KK94+iQoCz43rlK6BL8B8jw0E0xOGGxITaNpkHYbA5o=", "last_login": null, "is_superuser": false, "username": "2", "first_name": "", "last_name": "", "email": "", "is_staff": false, "is_active": true, "date_joined": "2024-07-26T12:41:45.161Z", "groups": [], "user_permissions": []}}, {"model": "auth.user", "pk": 6, "fields": {"password": "pbkdf2_sha256$260000$hArbYrOGsiw0kyenUue4Yf$eSlaRWmR/2n+5pnQS3GGfRZo/OLa+e5Zvc6JGBJUbmk=", "last_login": "2024-08-06T19:21:53.185Z", "is_superuser": false, "username": "eddie2", "first_name": "", "last_name": "", "email": "eddie.ahman@bonnier.se", "is_staff": false, "is_active": true, "date_joined": "2024-08-06T19:21:52.735Z", "groups": [], "user_permissions": []}}, {"model": "auth.user", "pk": 7, "fields": {"password": "pbkdf2_sha256$260000$QUnPY1TPoTTntKh7rseGXG$WDpajAbpS1xdolZbs7qmTfr6aOabkiLUcMHRP1XaC9c=", "last_login": "2024-08-07T09:16:00.615Z", "is_superuser": false, "username": "johnny", "first_name": "", "last_name": "", "email": "", "is_staff": false, "is_active": true, "date_joined": "2024-08-07T09:16:00.314Z", "groups": [], "user_permissions": []}}, {"model": "sessions.session", "pk": "61lli4n5ovi51pvhos40qfsklz783lm2", "fields": {"session_data": ".eJxVj0FuwyAQRe8yawsZDCZ42X1PUFXWGIaYpIbIYDVRlLvXNNlkN_r__SfNHdDatMUy4lZmiiVYLCHFcaEyJ5dh-LrD84YBLpjzb1odNIAFBq5F13biYBQ7CK25kg1smdaIC-00uiVEeHw38C8fazWG6uHwlk1ozxRr4U4Yj4nZFMsaJlYR9moz-0yOfj5e7Jtgxjzv6076npNGLdTUSqV8L0SvOHqtPErvZG_cJL2X6KQio9DvA0HUuo68MbJKM-Vc_6frJaw3GNrHH0QlYJM:1sbfZ9:BGSXlBdRxBgZQ2ekA2jyqffItc4IGdXDJSQrZcM-kSI", "expire_date": "2024-08-21T12:14:55.969Z"}}, {"model": "sessions.session", "pk": "clkij9ndudzh0lab4t6w2dxb6ahjszlu", "fields": {"session_data": ".eJxVj8FuwyAMht_F5wglxMCS4-59gmmKHDAL2wJVIGqnqu--sPXSm-Xv_z_ZNyBr0x7LRHtZOJZgqYQUp5XLklyG8e0G_zOMcKacL2lz0AAVGDsjpe6lwl5o8yJ7bGDPvEVa-QiTW0OE-3sDf-6poilUTQdPu5nsF8cK3CfFjyRsimULs6gR8aBZnJLj79dH9kmwUF6Odo9ed2zISDW3qJTXx3mqI2-UJ_QO9eBm9B7JoeJBkT8Kkrl1PfthwCrNnHN9n6_nsP3A2N5_AfqgYFo:1sZzPr:0HOAiHZcPIqwH147dfXegRrgQdFjOR5u6n18px_XUlk", "expire_date": "2024-08-16T21:02:23.841Z"}}, {"model": "sessions.session", "pk": "h2i67qcs1xas9j4xrictjk791qeizgwa", "fields": {"session_data": ".eJxVjDsOwjAQBe_iGlmOkviTkp4zWLveNTEYW0piGsTdIVKatG9m3kdACLWVzb95STExeX5BymIqLeeL8NC22beVF59ITMKI04YQnlx2QA8o9ypDLduSUO6KPOgqb5U4Xw_3dDDDOv9rjqpzFqFHFUiPSK5zNA6M2jACDi5g0NEqpaDTDo1xug8Ao7LWqOhIfH9by0PU:1sbcm0:7y-Xx_ssT5azUJWCgKshbD8U7AR_cJMs7puliAmJGuM", "expire_date": "2024-08-21T09:16:00.670Z"}}, {"model": "sessions.session", "pk": "lj5k1aoc5j4kh191vha51j4qsnn542ko", "fields": {"session_data": ".eJxVj0tOxDAQRO_S68iKHX_iLNlzAoSijt0mBmKPYkeARnN3YpjN7FpVr57UV0Dn8pHqjEddKdXosMac5o3qmn2B6eUK_zdMcMFSvvLuoQOsMHEjBDfa6pEpMw6DHDs4Cu0JNzpp9FtMcHvt4E8-t2qOzcPhIVvQfVBqhX_H9JaZy6nucWENYfe2sOfs6fPpzj4IVizruR5k0JwMGqGWXioVtBBacQxGBZTBS239IkOQ6KUiqzCcA0HU-4GCtbJJC5XS_qfvS9x_YOpvv09aYKA:1sY4ts:AhssvCHSjrd2mTInFLQ3H8mj3oT54Qb9rUq97pRdv2A", "expire_date": "2024-08-11T14:29:28.737Z"}}, {"model": "sessions.session", "pk": "n84py7ch9s77cx5g5f0ps1jv2hhws1jj", "fields": {"session_data": ".eJxVj0FuxCAMRe_idYQCMUFk2X1PUFWRA6ahbWAUiNpqNHdvaGczO8vv_yf7CuRcPlKd6agrpxod1ZjTvHFdsy8wvVzhf4YJLlTKV949dEAVJmmUGntjlBVKosGhg6PwnmjjM0x-iwlurx38ueeG5tg0Eh52C7kPTg34d0pvWbic6h4X0SLiTot4zp4_n-7ZB8FKZT3bA4ZRsiGj9NKj1mE8z9OSgtGBMHgcrV8wBCSPmq2mcBYUc-8HDtZikxYupb3P35e4_8DU334B-dtgWQ:1sZsxd:UKWV5lJiYt1b93G-iqrsgDeQa0SR6ADRzR1sb1HeJMo", "expire_date": "2024-08-16T14:08:49.383Z"}}, {"model": "sessions.session", "pk": "q3rj4fkw5y8rysrty2l9kbghejey42xd", "fields": {"session_data": ".eJxVj0FuwyAQRe8yawsZPODYy-57gqqyxjDUtDVEBquJoty9ps0mu9H_7z9pbkDWpj2WifaycCzBUgkpTiuXJbkM49sN_m8Y4Uw5_6TNQQNUYJS9UrrrNHYCjTyZUwN75i3SygdMbg0R7u8N_LmnWk2haiQ8ZTPZL461cJ8UP5KwKZYtzKIi4tFm8Zocf7882CfBQnk51h16I7mnXum5Ra29UcpoSb7XntA7NIOb0Xskh5oHTf4YKObWdeyHAas0c871fb6cw3aFsb3_Av0JYF0:1sZZf5:ANXoJciTVYGypiZ3Sw_pRJdFQCA6C7A7XQtP9S7y_Ik", "expire_date": "2024-08-15T17:32:23.609Z"}}, {"model": "sessions.session", "pk": "vi9jlq9yokwhe294mcieohu8s101uar6", "fields": {"session_data": ".eJxVjMsOwiAQRf-FtSGUR2FcuvcbyBRmpGogKe3K-O_apAvd3nPOfYmI21ri1mmJcxZnYcTpd5swPajuIN-x3ppMra7LPMldkQft8toyPS-H-3dQsJdvPUJy5J0FpTw6jRnZIDitMyBr0IQaRpWM92yZXLBuCCYECB6GCZjF-wPREDdB:1sXIc6:0xyyBWqfrM8-ukdWxumjmAZ_QINGsR9-ypZtMSvmhUM", "expire_date": "2024-08-09T10:55:54.867Z"}}, {"model": "sites.site", "pk": 1, "fields": {"domain": "example.com", "name": "example.com"}}, {"model": "account.emailaddress", "pk": 1, "fields": {"user": 1, "email": "christina.ahman@tv4.se", "verified": false, "primary": false}}, {"model": "account.emailaddress", "pk": 3, "fields": {"user": 1, "email": "christina.ahman@outlook.com", "verified": false, "primary": false}}, {"model": "account.emailaddress", "pk": 4, "fields": {"user": 6, "email": "eddie.ahman@bonnier.se", "verified": false, "primary": true}}, {"model": "django_summernote.attachment", "pk": 2, "fields": {"name": "happy mind.png", "file": "django-summernote/2024-07-24/91073658-a303-462b-812f-5392b1f557b6.png", "uploaded": "2024-07-24T07:42:15.432Z"}}, {"model": "django_summernote.attachment", "pk": 3, "fields": {"name": "img 3 carousel.png", "file": "django-summernote/2024-07-25/8b9a7ace-6005-4fcb-990b-78468606cdec.png", "uploaded": "2024-07-25T07:51:28.144Z"}}, {"model": "django_summernote.attachment", "pk": 4, "fields": {"name": "img 3 carousel.png", "file": "django-summernote/2024-07-25/32da0334-07eb-4ebb-b19d-e00931aa4fc9.png", "uploaded": "2024-07-25T07:51:40.237Z"}}, {"model": "django_summernote.attachment", "pk": 5, "fields": {"name": "2024-07-24_22-57-09.png", "file": "django-summernote/2024-07-25/2f4415c3-60ec-4b0c-a0db-55a65208cc35.png", "uploaded": "2024-07-25T07:52:07.506Z"}}, {"model": "django_summernote.attachment", "pk": 6, "fields": {"name": "2024-07-24_22-57-09.png", "file": "django-summernote/2024-07-25/4da198b4-3dd2-4226-b194-a94d16bbaf08.png", "uploaded": "2024-07-25T07:53:39.943Z"}}, {"model": "django_summernote.attachment", "pk": 7, "fields": {"name": "happines.png", "file": "django-summernote/2024-08-03/d0c60677-becf-47eb-b7a5-4dfc1390bc8b.png", "uploaded": "2024-08-03T08:53:16.000Z"}}, {"model": "blog.post", "pk": 8, "fields": {"title": "Love yourself", "author": 1, "featured_image": "image/upload/placeholder", "content": "<p class=\"MsoNormal\"><span lang=\"EN-US\">Love<o:p></o:p></span></p><p class=\"MsoNormal\"><span lang=\"EN-US\">There is so\r\nmuch more to life than finding someone who wants to be with you,<o:p></o:p></span></p><p class=\"MsoNormal\"><span lang=\"EN-US\">and there\r\nis so much more to it than feeling bad about someone who doesn't.<o:p></o:p></span></p><p class=\"MsoNormal\"><span lang=\"EN-US\">There is so\r\nmuch amazing time to spend finding yourself without hoping that someone will\r\nfall for you along the way - and it doesn't have to be hard or sad.<o:p></o:p></span></p><p class=\"MsoNormal\"><span lang=\"EN-US\">You need to\r\nfill yourself with love, not someone else.<o:p></o:p></span></p><p class=\"MsoNormal\"><span lang=\"EN-US\">Go on\r\nadventures, dress up for yourself, share your energy, smile a lot.<o:p></o:p></span></p><p class=\"MsoNormal\"><span lang=\"EN-US\">Do\r\neverything with love but don't romanticize life as if you couldn't cope without\r\nsomeone to be in love with.<o:p></o:p></span></p><p class=\"MsoNormal\"><span lang=\"EN-US\">Live for\r\nyou and be happy in yourself. It is no less beautiful.<o:p></o:p></span></p><p class=\"MsoNormal\"><span lang=\"EN-US\"><br>\r\n<!--[if !supportLineBreakNewLine]--><br>\r\n<!--[endif]--><o:p></o:p></span></p><p class=\"MsoNormal\"><span lang=\"EN-US\">Friendship<o:p></o:p></span></p><p class=\"MsoNormal\"><span lang=\"EN-US\"><br>\r\nMany friends will go behind your back.<o:p></o:p></span></p><p class=\"MsoNormal\"><span lang=\"EN-US\">You will\r\nfight for them and you will witness things that will change you forever.<o:p></o:p></span></p><p class=\"MsoNormal\"><span lang=\"EN-US\">You will\r\nlose best friends that you thought would be by your side forever.<o:p></o:p></span></p><p class=\"MsoNormal\"><span lang=\"EN-US\">You will\r\nrealize that everyone has a past.<o:p></o:p></span></p><p class=\"MsoNormal\"><span lang=\"EN-US\">You will\r\nlaugh, you will cry and sometimes you will embarrass yourself - but at some\r\npoint you will realize that it doesn't matter.<o:p></o:p></span></p><p class=\"MsoNormal\"><span lang=\"EN-US\">At some\r\npoint, you will sit back and realize that all difficult things only happen to\r\npeople who can handle them. That this is who you are, and no one should ever\r\ntry to change you; including yourself.<o:p></o:p></span></p><p class=\"MsoNormal\"><span lang=\"EN-US\">Life is\r\nwonderful, then it is hell, and then it is wonderful again. Between the\r\nwonderful and the hellish, it's ordinary and boring and routine.<o:p></o:p></span></p><p class=\"MsoNormal\"><span lang=\"EN-US\">Breathe in\r\nthe wonderful, hold out through the hard and breathe out the ordinary.<o:p></o:p></span></p><p class=\"MsoNormal\"><span lang=\"EN-US\">Don't\r\ncompare your chapter one to someone else's chapter fifteen.<o:p></o:p></span></p><p class=\"MsoNormal\"><span lang=\"EN-US\">Follow your\r\nown destiny and write your own story.<o:p></o:p></span></p><p class=\"MsoNormal\"><span lang=\"EN-US\"><br>\r\n<!--[if !supportLineBreakNewLine]--><br>\r\n<!--[endif]--><o:p></o:p></span></p><p class=\"MsoNormal\"><span lang=\"EN-US\">Listen<o:p></o:p></span></p><p class=\"MsoNormal\"><span lang=\"EN-US\"><br>\r\n<!--[if !supportLineBreakNewLine]--><br>\r\n<!--[endif]--><o:p></o:p></span></p><p class=\"MsoNormal\"><span lang=\"EN-US\">People will\r\nsay things to cut you in half, but you have the power to not let their words\r\nturn into knives that cut you in half. But think about it; how many times have\r\nyou lost your voice by saying things to someone who wasn't listening? Don't be\r\nthat person.<o:p></o:p></span></p><p class=\"MsoNormal\"><span lang=\"EN-US\">One of the\r\nmost respectful things you can give another human being is to listen.<o:p></o:p></span></p><p class=\"MsoNormal\"><span lang=\"EN-US\">When you\r\ntalk, you only repeat things you already know, but when you listen, you often\r\nlearn something new. One of the biggest communication mistakes is that we don't\r\nlisten to understand; we listen to respond.<o:p></o:p></span></p><p class=\"MsoNormal\"><span lang=\"EN-US\"><br>\r\n<!--[if !supportLineBreakNewLine]--><br>\r\n<!--[endif]--><o:p></o:p></span></p><p class=\"MsoNormal\"><span lang=\"EN-US\">Learning<o:p></o:p></span></p><p>\r\n\r\n\r\n\r\n\r\n\r\n\r\n\r\n\r\n\r\n\r\n\r\n\r\n\r\n\r\n\r\n\r\n\r\n\r\n\r\n\r\n\r\n\r\n\r\n\r\n\r\n\r\n\r\n\r\n\r\n\r\n\r\n\r\n\r\n\r\n\r\n\r\n\r\n\r\n\r\n\r\n\r\n\r\n\r\n\r\n\r\n\r\n\r\n\r\n\r\n\r\n\r\n\r\n\r\n\r\n\r\n</p><p class=\"MsoNormal\"><span lang=\"EN-US\"><br>\r\nIt's okay to feel confused. It is the beginning of learning something new. You\r\nshouldn't learn because you have to, but because knowledge is power. Knowledge\r\nis something that no one can ever take away from you. Learn because you want to\r\nknow more. Learn because you are curious. Learn, because it makes you grow. And\r\nwhen you have learned, share it.<o:p></o:p></span></p>", "created_on": "2024-07-28T03:18:14.589Z", "last_modified": "2024-07-31T22:29:46.617Z", "slug": "love-yourself", "status": 1, "excerpt": "<p class=\"MsoNormal\"><span lang=\"EN-US\"><br>\r\nLove<o:p></o:p></span></p><p class=\"MsoNormal\"><span l", "anonymous_likes": 2, "categories": [3], "likes": [1]}}, {"model": "blog.post", "pk": 9, "fields": {"title": "Happiness", "author": 1, "featured_image": "image/upload/v1722766662/vnngfl8q9dk6pfbwbiub.png", "content": "<p class=\"MsoNormal\"><span lang=\"EN-US\">&nbsp;</span>Positive\r\nHabits of Happy People</p><p class=\"MsoNormal\"><span lang=\"EN-US\">Extremely\r\nhappy people have mastered these “happiness” habits to maintain their happiness\r\nevery day and with consistent practice, so can you.<o:p></o:p></span></p><p class=\"MsoNormal\"><span lang=\"EN-US\">1. They\r\nHelp Others<o:p></o:p></span></p><p class=\"MsoNormal\"><span lang=\"EN-US\">Happy\r\npeople spend time helping others. This makes them feel good about themselves as\r\nthey experience a “helper’s high” according to scientists.<o:p></o:p></span></p><p class=\"MsoNormal\"><span lang=\"EN-US\">2. They Buy\r\nExperiences<o:p></o:p></span></p><p class=\"MsoNormal\"><span lang=\"EN-US\">Happy\r\npeople spend their money on experience,&nbsp;not just material things. While a\r\nnew sofa will give you happiness for a month or so, a holiday trip with your\r\nfamily will create lasting memories.<o:p></o:p></span></p><p class=\"MsoNormal\"><span lang=\"EN-US\">&nbsp;</span></p><p class=\"MsoNormal\"><span lang=\"EN-US\">3. They\r\nSlow Down And Appreciate Life<o:p></o:p></span></p><p class=\"MsoNormal\"><span lang=\"EN-US\">Happy\r\npeople are busy, but they are not rushing around while they go about their day\r\nwhich can potentially leave them feeling stressed and unhappy.<o:p></o:p></span></p><p class=\"MsoNormal\"><span lang=\"EN-US\">&nbsp;</span></p><p class=\"MsoNormal\"><span lang=\"EN-US\">4. They\r\nMake Sleep a Priority<o:p></o:p></span></p><p class=\"MsoNormal\"><span lang=\"EN-US\">Happy\r\npeople make good sleep a priority. They know what it feels like to be sleep\r\ndeprived and how it can impact them at a much deeper level.<o:p></o:p></span></p><p class=\"MsoNormal\"><span lang=\"EN-US\">&nbsp;</span></p><p class=\"MsoNormal\"><span lang=\"EN-US\">5. They\r\nExercise Regularly<o:p></o:p></span></p><p class=\"MsoNormal\"><span lang=\"EN-US\">Happy\r\npeople know that exercise releases endorhpins and these “happiness hormones”\r\nmake them feel better. They schedule regular exercise and keep active.<o:p></o:p></span></p><p class=\"MsoNormal\"><span lang=\"EN-US\">&nbsp;</span></p><p class=\"MsoNormal\"><span lang=\"EN-US\">6. They\r\nWork On Their Relationships<o:p></o:p></span></p><p class=\"MsoNormal\"><span lang=\"EN-US\">It’s no\r\nsecret that a happy relationship and a vibrant social life are components for\r\nbeing happy. Happy people know this, and they take the time to nurture their\r\nrelationships—whether with their partners, friends, or family members.<o:p></o:p></span></p><p class=\"MsoNormal\"><span lang=\"EN-US\">&nbsp;</span></p><p class=\"MsoNormal\"><span lang=\"EN-US\">7. They Set\r\nGoals And Have A Growth Mindset<o:p></o:p></span></p><p class=\"MsoNormal\"><span lang=\"EN-US\">Happy\r\npeople&nbsp;</span><a href=\"http://www.actionforhappiness.org/10-keys-to-happier-living/have-goals-to-look-forward-to/details\"><span lang=\"EN-US\">have goals</span></a><span lang=\"EN-US\">. They are always pursuing something\r\nmeaningful—whether it is learning something new or raising children. These\r\ngoals are intrinsic and personally significant to them. Happy people enjoy the\r\nprocess of achieving intrinsic goals because they resonate with their deeply\r\nheld values and contribute to their personal growth, their health, and their\r\nrelationships with others.<o:p></o:p></span></p><p class=\"MsoNormal\"><span lang=\"EN-US\">Learn more\r\nabout happieness in this book \"The happy mind\"&nbsp;<o:p></o:p></span></p><p class=\"MsoNormal\"><a href=\"https://www.amazon.se/Happy-Mind-Simple-Happier-Starting/dp/1631610384/ref=sr_1_1?dib=eyJ2IjoiMSJ9.9-pPS1zszxzMh63LUndliuEJKnflqSZBa_OoZXecQ8gXURW3RuZEWbhwZqFMf-yB4IIIpkuVsn-0i36M4qFtxE2CcJZFuXczusk8LAJNncVxcZcE--vAY_RP_bf4M4J74W_iusQ04FvTtjM7OPc5qDZIErtGh8cgpSDOJmFw9V4kIruY21WfUnM3_vyeXKJJ_BFey_FtU2-3J-OCa5-b967jr9rrd45NggU5E8gKFhsARFitOhQGrTV1TtWeXln27OK7hQKWYIafaAqGly8Cz3-q9LGN06gunXdmJlY4yXs.z-TSM7ZgUpPey_f736GqqjSXgmbGBc02TwdUtf_lz7w&amp;dib_tag=se&amp;geniuslink=true&amp;keywords=Kevin+Horsley+%7C+Louis+Fourie+the+happy+mind+a+simple+guide+to+living+a+happier+life+starting+today&amp;qid=1721806873&amp;sr=8-1\" target=\"_blank\">Buy \"The happy mind\"</a><o:p></o:p></p><p>\r\n\r\n\r\n\r\n\r\n\r\n\r\n\r\n\r\n\r\n\r\n\r\n\r\n\r\n\r\n\r\n\r\n\r\n\r\n\r\n\r\n\r\n\r\n\r\n\r\n\r\n\r\n\r\n\r\n\r\n\r\n\r\n\r\n\r\n\r\n\r\n\r\n\r\n\r\n\r\n\r\n\r\n\r\n\r\n\r\n\r\n\r\n\r\n</p><p class=\"MsoNormal\"><o:p>&nbsp;</o:p></p>", "created_on": "2024-07-28T03:19:09.708Z", "last_modified": "2024-08-04T10:17:42.665Z", "slug": "happiness", "status": 1, "excerpt": "<p class=\"MsoNormal\"><span lang=\"EN-US\">&nbsp;</span></p><p class=\"MsoNormal\"><span lang=\"EN-US\">Pos", "anonymous_likes": 8, "categories": [4], "likes": [1]}}, {"model": "blog.post", "pk": 10, "fields": {"title": "Valuation", "author": 1, "featured_image": "image/upload/placeholder", "content": "<p>Valuation is a kind of GPS on an unconscious level. </p><p>Some are inherited, some we have created ourselves. </p><p>It can vary over time.</p><p>When it chafes, we compromise our values. How is it for you? What are your most important values right now?</p>", "created_on": "2024-07-28T03:23:03.683Z", "last_modified": "2024-08-01T21:22:12.190Z", "slug": "valuation", "status": 1, "excerpt": "<p>Valuation is a kind of GPS on an unconscious level. </p><p>Some are inherited, some we have creat", "anonymous_likes": 12, "categories": [3], "likes": [1, 4]}}, {"model": "blog.post", "pk": 11, "fields": {"title": "Self esteem", "author": 1, "featured_image": "image/upload/https://res.cloudinary.com/dvh69l0yv/image/upload/v1234567890/your_placeholder_image.jpg", "content": "<p><span style=\"color: rgb(0, 0, 0); font-family: -apple-system, BlinkMacSystemFont, &quot;Segoe UI&quot;, Roboto, &quot;Helvetica Neue&quot;, Arial, &quot;Noto Sans&quot;, sans-serif, &quot;Apple Color Emoji&quot;, &quot;Segoe UI Emoji&quot;, &quot;Segoe UI Symbol&quot;, &quot;Noto Color Emoji&quot;; font-size: medium; background-color: rgba(0, 39, 139, 0.05);\">To distinguish between the concepts of self-esteem and self-confidence -</span></p><p><span style=\"color: rgb(0, 0, 0); font-family: -apple-system, BlinkMacSystemFont, &quot;Segoe UI&quot;, Roboto, &quot;Helvetica Neue&quot;, Arial, &quot;Noto Sans&quot;, sans-serif, &quot;Apple Color Emoji&quot;, &quot;Segoe UI Emoji&quot;, &quot;Segoe UI Symbol&quot;, &quot;Noto Color Emoji&quot;; font-size: medium; background-color: rgba(0, 39, 139, 0.05);\">where self-esteem is your feeling for and about yourself, your view and idea of who you are and the foundation and confidence you have in yourself that guides you to the right decisions and thoughts.</span></p><p><span style=\"color: rgb(0, 0, 0); font-family: -apple-system, BlinkMacSystemFont, &quot;Segoe UI&quot;, Roboto, &quot;Helvetica Neue&quot;, Arial, &quot;Noto Sans&quot;, sans-serif, &quot;Apple Color Emoji&quot;, &quot;Segoe UI Emoji&quot;, &quot;Segoe UI Symbol&quot;, &quot;Noto Color Emoji&quot;; font-size: medium; background-color: rgba(0, 39, 139, 0.05);\">Self-esteem is also about the value you place on yourself. It is about the fact that you are valuable as a person and a human being no matter what you do and where you are in life.</span></p><p><span style=\"color: rgb(0, 0, 0); font-family: -apple-system, BlinkMacSystemFont, &quot;Segoe UI&quot;, Roboto, &quot;Helvetica Neue&quot;, Arial, &quot;Noto Sans&quot;, sans-serif, &quot;Apple Color Emoji&quot;, &quot;Segoe UI Emoji&quot;, &quot;Segoe UI Symbol&quot;, &quot;Noto Color Emoji&quot;; font-size: medium; background-color: rgba(0, 39, 139, 0.05);\">As mentioned earlier, self-esteem is often confused with self-confidence.</span></p><p><span style=\"color: rgb(0, 0, 0); font-family: -apple-system, BlinkMacSystemFont, &quot;Segoe UI&quot;, Roboto, &quot;Helvetica Neue&quot;, Arial, &quot;Noto Sans&quot;, sans-serif, &quot;Apple Color Emoji&quot;, &quot;Segoe UI Emoji&quot;, &quot;Segoe UI Symbol&quot;, &quot;Noto Color Emoji&quot;; font-size: medium; background-color: rgba(0, 39, 139, 0.05);\">They are related concepts and sometimes they are also linked.</span></p><p><span style=\"color: rgb(0, 0, 0); font-family: -apple-system, BlinkMacSystemFont, &quot;Segoe UI&quot;, Roboto, &quot;Helvetica Neue&quot;, Arial, &quot;Noto Sans&quot;, sans-serif, &quot;Apple Color Emoji&quot;, &quot;Segoe UI Emoji&quot;, &quot;Segoe UI Symbol&quot;, &quot;Noto Color Emoji&quot;; font-size: medium; background-color: rgba(0, 39, 139, 0.05);\">Self-esteem is about you and your value as an individual in any situation. It is your view and the value you place on yourself. Self-confidence, on the other hand, can be influenced by situations where you perform well and feel good about yourself because of it.</span></p><p><span style=\"color: rgb(0, 0, 0); font-family: -apple-system, BlinkMacSystemFont, &quot;Segoe UI&quot;, Roboto, &quot;Helvetica Neue&quot;, Arial, &quot;Noto Sans&quot;, sans-serif, &quot;Apple Color Emoji&quot;, &quot;Segoe UI Emoji&quot;, &quot;Segoe UI Symbol&quot;, &quot;Noto Color Emoji&quot;; font-size: medium; background-color: rgba(0, 39, 139, 0.05);\">For example, if you are a good cook, you have good self-confidence when it comes to cooking. You may have good self-confidence in one or more areas. You know that there are certain things you are good at and you also feel good and competent in these areas.</span></p><p><span style=\"color: rgb(0, 0, 0); font-family: -apple-system, BlinkMacSystemFont, &quot;Segoe UI&quot;, Roboto, &quot;Helvetica Neue&quot;, Arial, &quot;Noto Sans&quot;, sans-serif, &quot;Apple Color Emoji&quot;, &quot;Segoe UI Emoji&quot;, &quot;Segoe UI Symbol&quot;, &quot;Noto Color Emoji&quot;; font-size: medium; background-color: rgba(0, 39, 139, 0.05);\">At the same time, you may have low self-confidence and not have found your belief in and feeling for who you are as a person. Then it becomes very important to be good in “your areas”.</span></p><p><span style=\"color: rgb(0, 0, 0); font-family: -apple-system, BlinkMacSystemFont, &quot;Segoe UI&quot;, Roboto, &quot;Helvetica Neue&quot;, Arial, &quot;Noto Sans&quot;, sans-serif, &quot;Apple Color Emoji&quot;, &quot;Segoe UI Emoji&quot;, &quot;Segoe UI Symbol&quot;, &quot;Noto Color Emoji&quot;; font-size: medium; background-color: rgba(0, 39, 139, 0.05);\">You build your identity on what you do that you are good at.</span></p><p><span style=\"color: rgb(0, 0, 0); font-family: -apple-system, BlinkMacSystemFont, &quot;Segoe UI&quot;, Roboto, &quot;Helvetica Neue&quot;, Arial, &quot;Noto Sans&quot;, sans-serif, &quot;Apple Color Emoji&quot;, &quot;Segoe UI Emoji&quot;, &quot;Segoe UI Symbol&quot;, &quot;Noto Color Emoji&quot;; font-size: medium; background-color: rgba(0, 39, 139, 0.05);\">If you ever fail in “your” area, that failure becomes very big and heavy to bear. Because you associate your identity with what you do, it means that the whole of you as a person is a failure - not just what you have done.&nbsp;&nbsp;</span><span style=\"background-color: rgba(0, 39, 139, 0.05); color: rgb(0, 0, 0); font-family: -apple-system, BlinkMacSystemFont, &quot;Segoe UI&quot;, Roboto, &quot;Helvetica Neue&quot;, Arial, &quot;Noto Sans&quot;, sans-serif, &quot;Apple Color Emoji&quot;, &quot;Segoe UI Emoji&quot;, &quot;Segoe UI Symbol&quot;, &quot;Noto Color Emoji&quot;; font-size: medium;\">These situations are tough to get through.</span></p><p><span style=\"color: rgb(0, 0, 0); font-family: -apple-system, BlinkMacSystemFont, &quot;Segoe UI&quot;, Roboto, &quot;Helvetica Neue&quot;, Arial, &quot;Noto Sans&quot;, sans-serif, &quot;Apple Color Emoji&quot;, &quot;Segoe UI Emoji&quot;, &quot;Segoe UI Symbol&quot;, &quot;Noto Color Emoji&quot;; font-size: medium; background-color: rgba(0, 39, 139, 0.05);\">You may also have good self-esteem. You feel confident about who you are as a person.</span></p><p><span style=\"color: rgb(0, 0, 0); font-family: -apple-system, BlinkMacSystemFont, &quot;Segoe UI&quot;, Roboto, &quot;Helvetica Neue&quot;, Arial, &quot;Noto Sans&quot;, sans-serif, &quot;Apple Color Emoji&quot;, &quot;Segoe UI Emoji&quot;, &quot;Segoe UI Symbol&quot;, &quot;Noto Color Emoji&quot;; font-size: medium; background-color: rgba(0, 39, 139, 0.05);\">At the same time, you may have low self-confidence in one or more areas.</span></p><p><span style=\"color: rgb(0, 0, 0); font-family: -apple-system, BlinkMacSystemFont, &quot;Segoe UI&quot;, Roboto, &quot;Helvetica Neue&quot;, Arial, &quot;Noto Sans&quot;, sans-serif, &quot;Apple Color Emoji&quot;, &quot;Segoe UI Emoji&quot;, &quot;Segoe UI Symbol&quot;, &quot;Noto Color Emoji&quot;; font-size: medium; background-color: rgba(0, 39, 139, 0.05);\">You know that you are not very good at playing tennis, for example, although you may do it a little now and then. But, that doesn't matter much because you don't link your value to what you do. You know that you are perfectly fine as you are, even though you are not very good at tennis. Not everyone can be good at everything, right!</span></p><p><span style=\"color: rgb(0, 0, 0); font-family: -apple-system, BlinkMacSystemFont, &quot;Segoe UI&quot;, Roboto, &quot;Helvetica Neue&quot;, Arial, &quot;Noto Sans&quot;, sans-serif, &quot;Apple Color Emoji&quot;, &quot;Segoe UI Emoji&quot;, &quot;Segoe UI Symbol&quot;, &quot;Noto Color Emoji&quot;; font-size: medium; background-color: rgba(0, 39, 139, 0.05);\">You may also have both low self-esteem and low self-confidence. Then you think you are “worthless” both as a person and in what you do.</span></p><p><span style=\"color: rgb(0, 0, 0); font-family: -apple-system, BlinkMacSystemFont, &quot;Segoe UI&quot;, Roboto, &quot;Helvetica Neue&quot;, Arial, &quot;Noto Sans&quot;, sans-serif, &quot;Apple Color Emoji&quot;, &quot;Segoe UI Emoji&quot;, &quot;Segoe UI Symbol&quot;, &quot;Noto Color Emoji&quot;; font-size: medium; background-color: rgba(0, 39, 139, 0.05);\">The root cause of this is low self-esteem, so that's what you need to work on and strengthen to begin with.</span></p><p><span style=\"color: rgb(0, 0, 0); font-family: -apple-system, BlinkMacSystemFont, &quot;Segoe UI&quot;, Roboto, &quot;Helvetica Neue&quot;, Arial, &quot;Noto Sans&quot;, sans-serif, &quot;Apple Color Emoji&quot;, &quot;Segoe UI Emoji&quot;, &quot;Segoe UI Symbol&quot;, &quot;Noto Color Emoji&quot;; font-size: medium; background-color: rgba(0, 39, 139, 0.05);\">The best combination is of course both good self-esteem and good self-confidence.</span></p><p><span style=\"color: rgb(0, 0, 0); font-family: -apple-system, BlinkMacSystemFont, &quot;Segoe UI&quot;, Roboto, &quot;Helvetica Neue&quot;, Arial, &quot;Noto Sans&quot;, sans-serif, &quot;Apple Color Emoji&quot;, &quot;Segoe UI Emoji&quot;, &quot;Segoe UI Symbol&quot;, &quot;Noto Color Emoji&quot;; font-size: medium; background-color: rgba(0, 39, 139, 0.05);\">It's important to understand that we often think that everyone else has much better self-esteem than we do.</span></p><p><span style=\"color: rgb(0, 0, 0); font-family: -apple-system, BlinkMacSystemFont, &quot;Segoe UI&quot;, Roboto, &quot;Helvetica Neue&quot;, Arial, &quot;Noto Sans&quot;, sans-serif, &quot;Apple Color Emoji&quot;, &quot;Segoe UI Emoji&quot;, &quot;Segoe UI Symbol&quot;, &quot;Noto Color Emoji&quot;; font-size: medium; background-color: rgba(0, 39, 139, 0.05);\">A lot has been written about self-esteem in recent years and it has become a topic that is ok to discuss. Many people express their low self-esteem and sometimes it can be difficult to understand as an outsider when that image does not match the image of those around them - especially people who seem very happy and successful.</span></p><p><span style=\"color: rgb(0, 0, 0); font-family: -apple-system, BlinkMacSystemFont, &quot;Segoe UI&quot;, Roboto, &quot;Helvetica Neue&quot;, Arial, &quot;Noto Sans&quot;, sans-serif, &quot;Apple Color Emoji&quot;, &quot;Segoe UI Emoji&quot;, &quot;Segoe UI Symbol&quot;, &quot;Noto Color Emoji&quot;; font-size: medium; background-color: rgba(0, 39, 139, 0.05);\">These are good examples of people with good self-confidence (good at what they do) but poor self-esteem (who am I really?).</span></p><p><span style=\"color: rgb(0, 0, 0); font-family: -apple-system, BlinkMacSystemFont, &quot;Segoe UI&quot;, Roboto, &quot;Helvetica Neue&quot;, Arial, &quot;Noto Sans&quot;, sans-serif, &quot;Apple Color Emoji&quot;, &quot;Segoe UI Emoji&quot;, &quot;Segoe UI Symbol&quot;, &quot;Noto Color Emoji&quot;; font-size: medium; background-color: rgba(0, 39, 139, 0.05);\">It is perfectly normal for self-esteem to vary. Even if your self-esteem is basically good, you may periodically feel tired and doubtful about yourself. As soon as you feel better or things start to fall into place in your life again, your self-esteem will soon return to the same level.</span></p><p><span style=\"color: rgb(0, 0, 0); font-family: -apple-system, BlinkMacSystemFont, &quot;Segoe UI&quot;, Roboto, &quot;Helvetica Neue&quot;, Arial, &quot;Noto Sans&quot;, sans-serif, &quot;Apple Color Emoji&quot;, &quot;Segoe UI Emoji&quot;, &quot;Segoe UI Symbol&quot;, &quot;Noto Color Emoji&quot;; font-size: medium; background-color: rgba(0, 39, 139, 0.05);\">However, we often tend to think that a normal level of self-esteem is much higher than it actually is. We like to compare ourselves to people who have very high self-esteem and think that this is the norm for what is normal.</span></p><p><span style=\"color: rgb(0, 0, 0); font-family: -apple-system, BlinkMacSystemFont, &quot;Segoe UI&quot;, Roboto, &quot;Helvetica Neue&quot;, Arial, &quot;Noto Sans&quot;, sans-serif, &quot;Apple Color Emoji&quot;, &quot;Segoe UI Emoji&quot;, &quot;Segoe UI Symbol&quot;, &quot;Noto Color Emoji&quot;; font-size: medium; background-color: rgba(0, 39, 139, 0.05);\">If you do that, it's no wonder you think your self-esteem is low. In fact, it may be at the same level as most people's. Good self-esteem is a perishable commodity. It needs to be maintained and practiced to stay at a good level</span></p>", "created_on": "2024-08-05T14:42:28.459Z", "last_modified": "2024-08-05T14:42:28.459Z", "slug": "self-esteem", "status": 1, "excerpt": "", "anonymous_likes": 0, "categories": [3], "likes": [1]}}, {"model": "blog.post", "pk": 12, "fields": {"title": "yin Yoga", "author": 1, "featured_image": "image/upload/https://res.cloudinary.com/dvh69l0yv/image/upload/v1234567890/your_placeholder_image.jpg", "content": "<p>is for your body</p>", "created_on": "2024-08-05T15:09:18.523Z", "last_modified": "2024-08-05T15:09:18.523Z", "slug": "yin-yoga", "status": 1, "excerpt": "", "anonymous_likes": 0, "categories": [2], "likes": [1]}}, {"model": "blog.category", "pk": 1, "fields": {"name": "Stress", "description": "", "created_at": "2024-07-18T20:10:06.859Z", "updated_at": "2024-07-18T20:10:06.859Z"}}, {"model": "blog.category", "pk": 2, "fields": {"name": "Meditation", "description": "", "created_at": "2024-07-18T20:10:20.950Z", "updated_at": "2024-07-18T20:10:20.950Z"}}, {"model": "blog.category", "pk": 3, "fields": {"name": "Self esteem", "description": "", "created_at": "2024-07-22T08:04:45.093Z", "updated_at": "2024-07-22T08:04:45.093Z"}}, {"model": "blog.category", "pk": 4, "fields": {"name": "Happieness", "description": "", "created_at": "2024-07-24T07:39:44.987Z", "updated_at": "2024-07-24T07:39:44.987Z"}}, {"model": "blog.category", "pk": 5, "fields": {"name": "Energy", "description": "", "created_at": "2024-07-25T21:59:58.710Z", "updated_at": "2024-07-25T21:59:58.711Z"}}, {"model": "blog.comment", "pk": 4, "fields": {"post": 10, "author": 1, "body": "test", "created_on": "2024-07-28T15:05:15.414Z", "updated_on": "2024-07-31T09:02:34.863Z", "approved": true}}, {"model": "blog.comment", "pk": 5, "fields": {"post": 10, "author": 1, "body": "test", "created_on": "2024-07-28T15:05:54.021Z", "updated_on": "2024-07-31T09:02:34.863Z", "approved": true}}, {"model": "blog.comment", "pk": 6, "fields": {"post": 10, "author": 1, "body": "test", "created_on": "2024-07-28T15:08:04.274Z", "updated_on": "2024-07-31T09:02:34.863Z", "approved": true}}, {"model": "blog.comment", "pk": 7, "fields": {"post": 10, "author": 1, "body": "test", "created_on": "2024-07-28T15:09:47.684Z", "updated_on": "2024-07-31T09:02:34.863Z", "approved": true}}, {"model": "blog.comment", "pk": 8, "fields": {"post": 10, "author": 1, "body": "test", "created_on": "2024-07-28T15:11:58.268Z", "updated_on": "2024-07-31T09:02:34.863Z", "approved": true}}, {"model": "blog.comment", "pk": 9, "fields": {"post": 10, "author": 1, "body": "test", "created_on": "2024-07-28T15:15:30.946Z", "updated_on": "2024-07-31T09:02:34.863Z", "approved": true}}, {"model": "blog.comment", "pk": 10, "fields": {"post": 10, "author": 1, "body": "test", "created_on": "2024-07-28T15:15:45.638Z", "updated_on": "2024-07-31T09:02:34.863Z", "approved": true}}, {"model": "blog.comment", "pk": 12, "fields": {"post": 10, "author": 1, "body": "edit deleata", "created_on": "2024-07-28T15:52:12.058Z", "updated_on": "2024-07-31T09:02:34.863Z", "approved": true}}, {"model": "blog.comment", "pk": 13, "fields": {"post": 10, "author": 1, "body": "delate", "created_on": "2024-07-28T15:53:32.984Z", "updated_on": "2024-07-31T09:02:34.863Z", "approved": true}}, {"model": "blog.comment", "pk": 14, "fields": {"post": 10, "author": 1, "body": "delate", "created_on": "2024-07-28T15:54:32.516Z", "updated_on": "2024-07-31T09:02:34.863Z", "approved": true}}, {"model": "blog.comment", "pk": 17, "fields": {"post": 8, "author": 1, "body": "Test 2", "created_on": "2024-07-28T20:11:46.187Z", "updated_on": "2024-07-31T09:02:34.863Z", "approved": true}}, {"model": "blog.comment", "pk": 18, "fields": {"post": 8, "author": 1, "body": "Test 2", "created_on": "2024-07-28T20:12:52.428Z", "updated_on": "2024-07-31T09:02:34.863Z", "approved": true}}, {"model": "blog.comment", "pk": 20, "fields": {"post": 8, "author": 1, "body": "Test 3", "created_on": "2024-07-28T21:14:17.567Z", "updated_on": "2024-07-31T09:02:34.863Z", "approved": true}}, {"model": "blog.comment", "pk": 21, "fields": {"post": 8, "author": 1, "body": "Test 3", "created_on": "2024-07-28T21:16:42.247Z", "updated_on": "2024-07-31T09:02:34.863Z", "approved": true}}, {"model": "blog.comment", "pk": 22, "fields": {"post": 8, "author": 1, "body": "Test 3", "created_on": "2024-07-28T21:16:46.446Z", "updated_on": "2024-07-31T09:02:34.863Z", "approved": true}}, {"model": "blog.comment", "pk": 23, "fields": {"post": 8, "author": 1, "body": "Test 4", "created_on": "2024-07-28T21:17:05.141Z", "updated_on": "2024-07-31T09:02:34.863Z", "approved": true}}, {"model": "blog.comment", "pk": 25, "fields": {"post": 8, "author": 1, "body": "testing a new comment", "created_on": "2024-07-30T19:43:20.589Z", "updated_on": "2024-07-31T09:02:34.863Z", "approved": true}}, {"model": "blog.comment", "pk": 27, "fields": {"post": 10, "author": 1, "body": "delete", "created_on": "2024-07-31T06:57:20.818Z", "updated_on": "2024-07-31T09:02:34.863Z", "approved": true}}, {"model": "blog.comment", "pk": 28, "fields": {"post": 10, "author": 1, "body": "delete again", "created_on": "2024-07-31T07:00:40.361Z", "updated_on": "2024-07-31T09:02:34.863Z", "approved": true}}, {"model": "blog.comment", "pk": 29, "fields": {"post": 9, "author": 1, "body": "blog", "created_on": "2024-07-31T09:03:06.933Z", "updated_on": "2024-07-31T09:03:06.933Z", "approved": true}}, {"model": "blog.comment", "pk": 30, "fields": {"post": 10, "author": 1, "body": "delete twice", "created_on": "2024-07-31T09:07:33.814Z", "updated_on": "2024-07-31T09:07:33.814Z", "approved": true}}, {"model": "blog.comment", "pk": 31, "fields": {"post": 10, "author": 1, "body": "test", "created_on": "2024-07-31T18:15:47.273Z", "updated_on": "2024-07-31T18:15:47.273Z", "approved": true}}, {"model": "blog.comment", "pk": 32, "fields": {"post": 10, "author": 1, "body": "test again", "created_on": "2024-08-01T08:10:20.480Z", "updated_on": "2024-08-01T08:10:20.480Z", "approved": true}}, {"model": "blog.comment", "pk": 33, "fields": {"post": 10, "author": 1, "body": "test2", "created_on": "2024-08-05T09:52:32.896Z", "updated_on": "2024-08-05T09:52:32.896Z", "approved": true}}, {"model": "blog.comment", "pk": 34, "fields": {"post": 10, "author": 1, "body": "test3", "created_on": "2024-08-05T10:19:49.432Z", "updated_on": "2024-08-05T10:19:49.432Z", "approved": true}}, {"model": "blog.comment", "pk": 35, "fields": {"post": 10, "author": 1, "body": "test3", "created_on": "2024-08-05T10:24:33.874Z", "updated_on": "2024-08-05T10:24:33.874Z", "approved": true}}, {"model": "blog.comment", "pk": 36, "fields": {"post": 10, "author": 1, "body": "test  csfr token with new comment", "created_on": "2024-08-05T10:25:02.951Z", "updated_on": "2024-08-05T10:25:02.951Z", "approved": true}}, {"model": "blog.comment", "pk": 37, "fields": {"post": 10, "author": 1, "body": "test csfr token with new comment, ok!", "created_on": "2024-08-05T10:25:21.358Z", "updated_on": "2024-08-05T10:25:21.358Z", "approved": true}}, {"model": "blog.courses", "pk": 1, "fields": {"title": "Higher your Self esteem", "author": 1, "content": "<p>A 10-days challenge for you to invest in your self eestem through self reflection</p>", "created_on": "2024-07-22T08:06:08.664Z", "last_modified": "2024-07-22T08:06:08.664Z", "slug": "higher-your-self-esteem", "status": 0, "categories": [3]}}]